{ 
    
    "personaje": [
        
        {
            "density": 2, "friction": 0, "bounce": 0, 
            "filter": { "categoryBits": 1, "maskBits": 65535 },
            "shape": [   47, 0  ,  40, 72  ,  11, 72  ,  1, 0  ]
        } ,
        {
            "density": 2, "friction": 0, "bounce": 0, 
            "filter": { "categoryBits": 1, "maskBits": 65535 },
            "shape": [   93, 0  ,  89, 72  ,  57, 72  ,  50, 1  ]
        } ,
        {
            "density": 2, "friction": 0, "bounce": 0, 
            "filter": { "categoryBits": 1, "maskBits": 65535 },
            "shape": [   143, 0  ,  139, 72  ,  107, 72  ,  100, 1  ]
        } ,
        {
            "density": 2, "friction": 0, "bounce": 0, 
            "filter": { "categoryBits": 1, "maskBits": 65535 },
            "shape": [   190, -1  ,  186, 71  ,  154, 71  ,  147, 0  ]
        } ,
        {
            "density": 2, "friction": 0, "bounce": 0, 
            "filter": { "categoryBits": 1, "maskBits": 65535 },
            "shape": [   45, 74  ,  41, 146  ,  9, 146  ,  2, 75  ]
        } ,
        {
            "density": 2, "friction": 0, "bounce": 0, 
            "filter": { "categoryBits": 1, "maskBits": 65535 },
            "shape": [   91, 75  ,  87, 147  ,  55, 147  ,  48, 76  ]
        } ,
        {
            "density": 2, "friction": 0, "bounce": 0, 
            "filter": { "categoryBits": 1, "maskBits": 65535 },
            "shape": [   138, 76  ,  134, 148  ,  102, 148  ,  95, 77  ]
        } ,
        {
            "density": 2, "friction": 0, "bounce": 0, 
            "filter": { "categoryBits": 1, "maskBits": 65535 },
            "shape": [   185, 77  ,  181, 149  ,  149, 149  ,  142, 78  ]
        }
    ]
}
