{ 
    
    "sueloN1Parte1": [
        
        {
            "density": 2, "friction": 0, "bounce": 0, 
            "filter": { "categoryBits": 1, "maskBits": 65535 },
            "shape": [   2167, 1507  ,  2013, 1643  ,  2014, 1510  ]
        } ,
        {
            "density": 2, "friction": 0, "bounce": 0, 
            "filter": { "categoryBits": 1, "maskBits": 65535 },
            "shape": [   5848, 1629  ,  5475, 1598  ,  5663.94873046875, 1431.5450439453125  ,  5674, 1427  ,  5686, 1426  ,  5848, 1426  ]
        } ,
        {
            "density": 2, "friction": 0, "bounce": 0, 
            "filter": { "categoryBits": 1, "maskBits": 65535 },
            "shape": [   9590, 1290  ,  9733, 1410  ,  9455, 1628  ,  9457, 1290  ]
        } ,
        {
            "density": 2, "friction": 0, "bounce": 0, 
            "filter": { "categoryBits": 1, "maskBits": 65535 },
            "shape": [   9900, 1460  ,  9455, 1628  ,  9733, 1410  ]
        } ,
        {
            "density": 2, "friction": 0, "bounce": 0, 
            "filter": { "categoryBits": 1, "maskBits": 65535 },
            "shape": [   1834, 1510  ,  1834, 1643  ,  -15, 1995  ,  4, 1509  ]
        } ,
        {
            "density": 2, "friction": 0, "bounce": 0, 
            "filter": { "categoryBits": 1, "maskBits": 65535 },
            "shape": [   5003.86279296875, 1436.051513671875  ,  5230, 1611  ,  4027, 1594  ,  4052, 1575  ,  4970.38623046875, 1425.9656372070312  ,  4989, 1428  ]
        } ,
        {
            "density": 2, "friction": 0, "bounce": 0, 
            "filter": { "categoryBits": 1, "maskBits": 65535 },
            "shape": [   4970.38623046875, 1425.9656372070312  ,  4052, 1575  ,  4246, 1427  ]
        } ,
        {
            "density": 2, "friction": 0, "bounce": 0, 
            "filter": { "categoryBits": 1, "maskBits": 65535 },
            "shape": [   6331, 1067  ,  6295, 1031  ,  6561, 1031  ,  6559, 1066  ]
        } ,
        {
            "density": 2, "friction": 0, "bounce": 0, 
            "filter": { "categoryBits": 1, "maskBits": 65535 },
            "shape": [   2778, 1426  ,  2870, 1461  ,  3075, 1616  ,  2013, 1643  ,  2167, 1507  ,  2271, 1426  ]
        } ,
        {
            "density": 2, "friction": 0, "bounce": 0, 
            "filter": { "categoryBits": 1, "maskBits": 65535 },
            "shape": [   2847.4248046875, 1446.3519287109375  ,  2870, 1461  ,  2778, 1426  ,  2797.210205078125, 1427.0386352539062  ,  2821, 1432  ]
        } ,
        {
            "density": 2, "friction": 0, "bounce": 0, 
            "filter": { "categoryBits": 1, "maskBits": 65535 },
            "shape": [   10138, 1453  ,  12997, 2006  ,  9455, 1628  ,  9900, 1460  ]
        } ,
        {
            "density": 2, "friction": 0, "bounce": 0, 
            "filter": { "categoryBits": 1, "maskBits": 65535 },
            "shape": [   3012, 1236  ,  3398, 1272  ,  3009, 1271  ]
        } ,
        {
            "density": 2, "friction": 0, "bounce": 0, 
            "filter": { "categoryBits": 1, "maskBits": 65535 },
            "shape": [   3433, 1274  ,  3398, 1272  ,  3012, 1236  ,  3856, 1236  ,  3857, 1273  ]
        } ,
        {
            "density": 2, "friction": 0, "bounce": 0, 
            "filter": { "categoryBits": 1, "maskBits": 65535 },
            "shape": [   6331, 1067  ,  6334, 1766  ,  6295, 1629  ,  6295, 1031  ]
        } ,
        {
            "density": 2, "friction": 0, "bounce": 0, 
            "filter": { "categoryBits": 1, "maskBits": 65535 },
            "shape": [   6334, 1766  ,  5848, 1629  ,  6295, 1629  ]
        } ,
        {
            "density": 2, "friction": 0, "bounce": 0, 
            "filter": { "categoryBits": 1, "maskBits": 65535 },
            "shape": [   6334, 1766  ,  5436, 1621  ,  5475, 1598  ,  5848, 1629  ]
        } ,
        {
            "density": 2, "friction": 0, "bounce": 0, 
            "filter": { "categoryBits": 1, "maskBits": 65535 },
            "shape": [   9455, 1628  ,  12997, 2006  ,  6514, 1767  ,  6515, 1627  ]
        } ,
        {
            "density": 2, "friction": 0, "bounce": 0, 
            "filter": { "categoryBits": 1, "maskBits": 65535 },
            "shape": [   13000, 10  ,  12997, 2006  ,  12950, 1290  ,  12950, 20  ]
        } ,
        {
            "density": 2, "friction": 0, "bounce": 0, 
            "filter": { "categoryBits": 1, "maskBits": 65535 },
            "shape": [   12950, 1290  ,  12997, 2006  ,  10290, 1390  ,  10398, 1290  ]
        } ,
        {
            "density": 2, "friction": 0, "bounce": 0, 
            "filter": { "categoryBits": 1, "maskBits": 65535 },
            "shape": [   12997, 2006  ,  10138, 1453  ,  10290, 1390  ]
        } ,
        {
            "density": 2, "friction": 0, "bounce": 0, 
            "filter": { "categoryBits": 1, "maskBits": 65535 },
            "shape": [   -15, 1995  ,  6334, 1766  ,  12997, 2006  ]
        } ,
        {
            "density": 2, "friction": 0, "bounce": 0, 
            "filter": { "categoryBits": 1, "maskBits": 65535 },
            "shape": [   5230, 1611  ,  5247, 1623  ,  3972, 1628  ,  4027, 1594  ]
        } ,
        {
            "density": 2, "friction": 0, "bounce": 0, 
            "filter": { "categoryBits": 1, "maskBits": 65535 },
            "shape": [   2013, 1643  ,  -15, 1995  ,  1834, 1643  ]
        } ,
        {
            "density": 2, "friction": 0, "bounce": 0, 
            "filter": { "categoryBits": 1, "maskBits": 65535 },
            "shape": [   3075, 1616  ,  3105, 1628  ,  -15, 1995  ,  2013, 1643  ]
        } ,
        {
            "density": 2, "friction": 0, "bounce": 0, 
            "filter": { "categoryBits": 1, "maskBits": 65535 },
            "shape": [   6334, 1766  ,  5406, 1629  ,  5436, 1621  ]
        } ,
        {
            "density": 2, "friction": 0, "bounce": 0, 
            "filter": { "categoryBits": 1, "maskBits": 65535 },
            "shape": [   6334, 1766  ,  5276, 1630  ,  5406, 1629  ]
        } ,
        {
            "density": 2, "friction": 0, "bounce": 0, 
            "filter": { "categoryBits": 1, "maskBits": 65535 },
            "shape": [   5276, 1630  ,  3972, 1628  ,  5247, 1623  ]
        } ,
        {
            "density": 2, "friction": 0, "bounce": 0, 
            "filter": { "categoryBits": 1, "maskBits": 65535 },
            "shape": [   6334, 1766  ,  3933, 1632  ,  3972, 1628  ,  5276, 1630  ]
        } ,
        {
            "density": 2, "friction": 0, "bounce": 0, 
            "filter": { "categoryBits": 1, "maskBits": 65535 },
            "shape": [   3433, 1274  ,  3431, 1632  ,  3395, 1632  ,  3398, 1272  ]
        } ,
        {
            "density": 2, "friction": 0, "bounce": 0, 
            "filter": { "categoryBits": 1, "maskBits": 65535 },
            "shape": [   3157, 1631  ,  -15, 1995  ,  3105, 1628  ]
        } ,
        {
            "density": 2, "friction": 0, "bounce": 0, 
            "filter": { "categoryBits": 1, "maskBits": 65535 },
            "shape": [   3395, 1632  ,  6334, 1766  ,  -15, 1995  ,  3157, 1631  ]
        } ,
        {
            "density": 2, "friction": 0, "bounce": 0, 
            "filter": { "categoryBits": 1, "maskBits": 65535 },
            "shape": [   6334, 1766  ,  3395, 1632  ,  3933, 1632  ]
        } ,
        {
            "density": 2, "friction": 0, "bounce": 0, 
            "filter": { "categoryBits": 1, "maskBits": 65535 },
            "shape": [   7499, 1068  ,  7360, 1031  ,  7395, 1027  ,  7498, 1029  ]
        } ,
        {
            "density": 2, "friction": 0, "bounce": 0, 
            "filter": { "categoryBits": 1, "maskBits": 65535 },
            "shape": [   7050, 1031  ,  7009, 1031  ,  7007, 821  ,  7053, 819  ]
        } ,
        {
            "density": 2, "friction": 0, "bounce": 0, 
            "filter": { "categoryBits": 1, "maskBits": 65535 },
            "shape": [   7360, 1031  ,  7499, 1068  ,  6774, 1066  ,  6774, 1031  ]
        } ,
        {
            "density": 2, "friction": 0, "bounce": 0, 
            "filter": { "categoryBits": 1, "maskBits": 65535 },
            "shape": [   3394, 712  ,  3397, 44  ,  3435, 44  ,  3432, 713  ]
        } ,
        {
            "density": 2, "friction": 0, "bounce": 0, 
            "filter": { "categoryBits": 1, "maskBits": 65535 },
            "shape": [   11031, -5  ,  11057, 64  ,  11061, 770  ,  11028, 770  ]
        } ,
        {
            "density": 2, "friction": 0, "bounce": 0, 
            "filter": { "categoryBits": 1, "maskBits": 65535 },
            "shape": [   0, 1509  ,  9, 5  ,  50, 47  ,  59, 1509  ]
        } ,
        {
            "density": 2, "friction": 0, "bounce": 0, 
            "filter": { "categoryBits": 1, "maskBits": 65535 },
            "shape": [   12933, 74  ,  11057, 64  ,  11060, -3  ,  12933, 5  ]
        } ,
        {
            "density": 2, "friction": 0, "bounce": 0, 
            "filter": { "categoryBits": 1, "maskBits": 65535 },
            "shape": [   11057, 64  ,  11031, -5  ,  11060, -3  ]
        } ,
        {
            "density": 2, "friction": 0, "bounce": 0, 
            "filter": { "categoryBits": 1, "maskBits": 65535 },
            "shape": [   7395, 38  ,  11031, -5  ,  11029.310546875, 65.5172119140625  ]
        } ,
        {
            "density": 2, "friction": 0, "bounce": 0, 
            "filter": { "categoryBits": 1, "maskBits": 65535 },
            "shape": [   9, 5  ,  11031, -5  ,  50, 47  ]
        } ,
        {
            "density": 2, "friction": 0, "bounce": 0, 
            "filter": { "categoryBits": 1, "maskBits": 65535 },
            "shape": [   7360, 40  ,  7395, 38  ,  7395, 1027  ,  7360, 1031  ]
        } ,
        {
            "density": 2, "friction": 0, "bounce": 0, 
            "filter": { "categoryBits": 1, "maskBits": 65535 },
            "shape": [   3435, 44  ,  7395, 38  ,  7360, 40  ]
        } ,
        {
            "density": 2, "friction": 0, "bounce": 0, 
            "filter": { "categoryBits": 1, "maskBits": 65535 },
            "shape": [   3435, 44  ,  3397, 44  ,  11031, -5  ]
        } ,
        {
            "density": 2, "friction": 0, "bounce": 0, 
            "filter": { "categoryBits": 1, "maskBits": 65535 },
            "shape": [   5305, 1508  ,  5189, 1429  ,  5331, 1423  ,  5367, 1423  ,  5457, 1432  ,  5354, 1509  ]
        } ,
        {
            "density": 2, "friction": 0, "bounce": 0, 
            "filter": { "categoryBits": 1, "maskBits": 65535 },
            "shape": [   5367, 1183  ,  5367, 1423  ,  5331, 1423  ,  5333, 1182  ]
        } ,
        {
            "density": 2, "friction": 0, "bounce": 0, 
            "filter": { "categoryBits": 1, "maskBits": 65535 },
            "shape": [   5457, 1432  ,  5367, 1423  ,  5474, 1423  ]
        } ,
        {
            "density": 2, "friction": 0, "bounce": 0, 
            "filter": { "categoryBits": 1, "maskBits": 65535 },
            "shape": [   5331, 1423  ,  5189, 1429  ,  5173, 1421  ]
        } ,
        {
            "density": 2, "friction": 0, "bounce": 0, 
            "filter": { "categoryBits": 1, "maskBits": 65535 },
            "shape": [   4233, 1122  ,  4194, 1156  ,  4196, 866  ,  4231, 867  ]
        } ,
        {
            "density": 2, "friction": 0, "bounce": 0, 
            "filter": { "categoryBits": 1, "maskBits": 65535 },
            "shape": [   4233, 1122  ,  4493, 1122  ,  4498, 1154  ,  4194, 1156  ]
        } ,
        {
            "density": 2, "friction": 0, "bounce": 0, 
            "filter": { "categoryBits": 1, "maskBits": 65535 },
            "shape": [   9575, 1085  ,  9577, 1119  ,  9455, 1121  ,  9455, 1085  ]
        } ,
        {
            "density": 2, "friction": 0, "bounce": 0, 
            "filter": { "categoryBits": 1, "maskBits": 65535 },
            "shape": [   10417, 1119  ,  10417, 1086  ,  10538, 1086  ,  10538, 1120  ]
        }
    ]
}
